Date,Three_Day_High,Three_Day_Low,Sweep_Floor,ATR_14,Source
2026-09-25,4414.10009765625,4278.2998046875,4276.7998046875,98.85707310267857,YFINANCE_GC=F
2026-09-24,4422.10009765625,4310.7001953125,4309.2001953125,104.871337890625,YFINANCE_GC=F
2026-09-23,4439.7998046875,4327.60009765625,4326.10009765625,106.18561662946429,YFINANCE_GC=F
2026-09-22,4439.7998046875,4294.5,4293.0,110.06417410714286,YFINANCE_GC=F
2026-09-21,4439.7998046875,4273.2998046875,4271.7998046875,111.47129603794643,YFINANCE_GC=F
2026-09-18,4423.2998046875,4273.2998046875,4271.7998046875,120.428466796875,YFINANCE_GC=F
2026-09-17,4413.10009765625,4273.2998046875,4271.7998046875,117.064208984375,YFINANCE_GC=F
2026-09-16,4444.89990234375,4293.0,4291.5,113.69988141741071,YFINANCE_GC=F
2026-09-15,4479.89990234375,4293.0,4291.5,116.47844587053571,YFINANCE_GC=F
2026-09-14,4479.89990234375,4333.0,4331.5,114.39275251116071,YFINANCE_GC=F
2026-09-11,4488.7998046875,4354.7001953125,4353.2001953125,115.32132393973214,YFINANCE_GC=F
2026-09-10,4537.7998046875,4381.0,4379.5,112.88563755580357,YFINANCE_GC=F
2026-09-09,4558.5,4381.0,4379.5,120.73563058035714,YFINANCE_GC=F
2026-09-08,4558.5,4329.2001953125,4327.7001953125,120.87852260044643,YFINANCE_GC=F
2026-09-04,4558.5,4329.2001953125,4327.7001953125,116.32854352678571,YFINANCE_GC=F
2026-09-03,4521.5,4329.2001953125,4327.7001953125,112.41427176339286,YFINANCE_GC=F
2026-09-02,4688.0,4369.7001953125,4368.2001953125,111.97858537946429,YFINANCE_GC=F
2026-09-01,4697.7001953125,4445.60009765625,4444.10009765625,107.72862025669643,YFINANCE_GC=F
2026-08-31,4730.89990234375,4495.0,4493.5,107.37147739955357,YFINANCE_GC=F
2026-08-28,4755.0,4616.0,4614.5,99.29289899553571,YFINANCE_GC=F
2026-08-27,4755.0,4638.2001953125,4636.7001953125,103.76429966517857,YFINANCE_GC=F
2026-08-26,4755.0,4565.5,4564.0,103.03574916294643,YFINANCE_GC=F
2026-08-25,4738.5,4506.0,4504.5,110.97147042410714,YFINANCE_GC=F
2026-08-24,4690.39990234375,4378.0,4376.5,110.01429966517857,YFINANCE_GC=F
2026-08-21,4597.10009765625,4378.0,4376.5,106.20002092633929,YFINANCE_GC=F
2026-08-20,4582.7998046875,4378.0,4376.5,106.42860630580357,YFINANCE_GC=F
2026-08-19,4493.10009765625,4365.5,4364.0,98.22862025669643,YFINANCE_GC=F
2026-08-18,4509.10009765625,4365.5,4364.0,99.05718122209821,YFINANCE_GC=F
2026-08-17,4509.10009765625,4365.5,4364.0,99.80001395089286,YFINANCE_GC=F
2026-08-14,4509.10009765625,4400.0,4398.5,97.16427176339286,YFINANCE_GC=F
2026-08-13,4502.7001953125,4373.89990234375,4372.39990234375,93.74283272879464,YFINANCE_GC=F
2026-08-12,4495.0,4288.0,4286.5,95.74994768415179,YFINANCE_GC=F
2026-08-11,4453.7998046875,4281.2001953125,4279.7001953125,96.87139020647321,YFINANCE_GC=F
2026-08-10,4432.2998046875,4121.60009765625,4120.10009765625,97.53567940848214,YFINANCE_GC=F
2026-08-07,4363.7001953125,4098.2001953125,4096.7001953125,91.47855050223214,YFINANCE_GC=F
2026-08-06,4328.2001953125,4074.0,4072.5,90.29282924107143,YFINANCE_GC=F
2026-08-05,4170.7001953125,4074.0,4072.5,82.57139369419643,YFINANCE_GC=F
2026-08-04,4170.7001953125,4028.5,4027.0,82.03569684709821,YFINANCE_GC=F
2026-08-03,4170.7001953125,3993.800048828125,3992.300048828125,85.64998953683036,YFINANCE_GC=F
2026-07-31,4118.5,3993.800048828125,3992.300048828125,87.5428466796875,YFINANCE_GC=F
2026-07-30,4119.2998046875,3993.800048828125,3992.300048828125,85.60714285714286,YFINANCE_GC=F
2026-07-29,4119.2998046875,4011.10009765625,4009.60009765625,83.00713239397321,YFINANCE_GC=F
2026-07-28,4144.0,4024.0,4022.5,86.59999302455357,YFINANCE_GC=F
2026-07-27,4171.39990234375,4024.0,4022.5,89.278564453125,YFINANCE_GC=F
2026-07-24,4171.39990234375,4003.300048828125,4001.800048828125,91.3214111328125,YFINANCE_GC=F
2026-07-23,4171.39990234375,3986.5,3985.0,91.67142159598214,YFINANCE_GC=F
2026-07-22,4092.5,3963.0,3961.5,96.17142159598214,YFINANCE_GC=F
2026-07-21,4071.89990234375,3963.0,3961.5,98.56429617745536,YFINANCE_GC=F
2026-07-20,4089.10009765625,3963.0,3961.5,100.80714634486607,YFINANCE_GC=F
